sequence;E.C;S.A;MRSA;B.S;A.B;K.P;P.A;C.A;C.P;C.T;
KVGVFKKFFRKLKSLL;2;2;1;1;1;2;1;2;1;1;
KHKKHKFFRKLKSLL;1;1;1;1;1;1;1;2;1;2;
VKGVFKKFFGVKLKSLL;1;1;1;1;1;0.5;2;2;4;2;
VKGVFKVVFFKSLKSLL;2;8;2;8;2;2;4;8;2;2;
KVGVFKKFFGVLKKSLL;2;2;2;8;4;2;16;2;0.5;16;
KVGVFKKYMRKLKLSL;1;1;4;2;2;2;2;2;2;2;
VKGVFKYLFRKLKSLL;2;2;2;8;2;2;2;2;2;2;
KKYKVRVTFSKLKVTL;4;1;2;0.5;0.5;0.5;1;1;0.5;4;
KKPKFKKFFRKLKGKK ;4;1;1;2;4;16;4;4;0.5;2;
KKPKFKKFFRLKKKGK ;4;2;2;2;4;32;8;2;2;4;
KKPKFKKFFGVKLKKKG;8;4;4;8;8;64;16;16;8;16;
KSVKKVLLLPAWKLKLSL   ;2;2;2;32;1;1;2;4;2;8;
KLLLFKLGFFRKLKKGK;1;1;1;2;1;1;1;1;0.5;1;
KLLFALVKFFRKLKKGK;2;2;1;1;1;2;8;2;1;2;
KKSVTLKKFFRKLKKGK;1;1;1;2;1;16;4;2;1;4;
